title,price,argus,description,location,rate,url
Zynthian v4,,"Argus 261,25 €",,,,
Zynthian v4,,"Argus 261,25 €",,,,
,,"Argus 261,25 €",,,,
Zynthian v4,,"Argus 261,25 €",,,,
Zynthian v4,,"Argus 261,25 €",,,,
Zynthian v4,,"Argus 261,25 €",,,,
,,"Argus 261,25 €",,,,
,,"Argus 261,25 €",,,,
,,"Argus 261,25 €",,,,
,,"Argus 261,25 €",,,,
,,"Argus 261,25 €",,,,
,,"Argus 261,25 €",,,,
,,"Argus 261,25 €",,,,
,,"Argus 261,25 €",,,,
,,"Argus 261,25 €",,,,
,,"Argus 261,25 €",,,,
,,"Argus 261,25 €",,,,
,,"Argus 261,25 €",,,,
,,"Argus 261,25 €",,,,
,,"Argus 261,25 €",,,,
,,"Argus 261,25 €",,,,
,,"Argus 261,25 €",,,,
,,"Argus 261,25 €",,,,
,,"Argus 261,25 €",,,,
,,"Argus 261,25 €",,,,
,,"Argus 261,25 €",,,,
,,"Argus 261,25 €",,,,
,,"Argus 261,25 €",,,,
,,"Argus 261,25 €",,,,
,,"Argus 261,25 €",,,,
,,"Argus 261,25 €",,,,
,,"Argus 261,25 €",,,,
,,"Argus 261,25 €",,,,
,,"Argus 261,25 €",,,,
,,"Argus 261,25 €",,,,
,,"Argus 261,25 €",,,,
,,"Argus 261,25 €",,,,
,,"Argus 261,25 €",,,,
,,"Argus 261,25 €",,,,
,,"Argus 261,25 €",,,,
,,"Argus 261,25 €",,,,
,,"Argus 261,25 €",,,,
,,"Argus 261,25 €",,,,
,,"Argus 261,25 €",,,,
,,"Argus 261,25 €",,,,
,,"Argus 261,25 €",,,,
,,"Argus 261,25 €",,,,
,,"Argus 261,25 €",,,,
,,"Argus 261,25 €",,,,
,,"Argus 261,25 €",,,,
,,"Argus 261,25 €",,,,
,,"Argus 261,25 €",,,,
,,"Argus 261,25 €",,,,
,,"Argus 261,25 €",,,,
,,"Argus 261,25 €",,,,
,,"Argus 261,25 €",,,,
,,"Argus 261,25 €",,,,
,,"Argus 261,25 €",,,,
,,"Argus 261,25 €",,,,
,,"Argus 261,25 €",,,,
,,"Argus 261,25 €",,,,
,,"Argus 261,25 €",,,,
,,"Argus 261,25 €",,,,
,,"Argus 261,25 €",,,,
,,"Argus 261,25 €",,,,
,,"Argus 261,25 €",,,,
,,"Argus 261,25 €",,,,
,,"Argus 261,25 €",,,,
,,"Argus 261,25 €",,,,
,,"Argus 261,25 €",,,,
,,"Argus 261,25 €",,,,
,,"Argus 261,25 €",,,,
,,"Argus 261,25 €",,,,
,,"Argus 261,25 €",,,,
,,"Argus 261,25 €",,,,
,,"Argus 261,25 €",,,,
,,"Argus 261,25 €",,,,
,,"Argus 261,25 €",,,,
,,"Argus 261,25 €",,,,
,,"Argus 261,25 €",,,,
,,"Argus 261,25 €",,,,
,,"Argus 261,25 €",,,,
,,"Argus 261,25 €",,,,
vend four brick root,,,,,,
vend four brick root,,,,,,
,,,,,,
vend four brick root,,,,,,
vend four brick root,,,,,,
vend four brick root,,,,,,
,,,,,,
,,,,,,
,,,,,,
,,,,,,
,,,,,,
,,,,,,
,,,,,,
,,,,,,
,,,,,,
,,,,,,
,,,,,,
,,,,,,
,,,,,,
,,,,,,
,,,,,,
,,,,,,
,,,,,,
,,,,,,
,,,,,,
,,,,,,
,,,,,,
,,,,,,
,,,,,,
,,,,,,
,,,,,,
,,,,,,
,,,,,,
,,,,,,
,,,,,,
,,,,,,
,,,,,,
,,,,,,
,,,,,,
,,,,,,
,,,,,,
,,,,,,
,,,,,,
,,,,,,
,,,,,,
,,,,,,
,,,,,,
,,,,,,
,,,,,,
,,,,,,
,,,,,,
,,,,,,
,,,,,,
,,,,,,
,,,,,,
,,,,,,
,,,,,,
,,,,,,
,,,,,,
,,,,,,
,,,,,,
,,,,,,
,,,,,,
,,,,,,
,,,,,,
,,,,,,
,,,,,,
,,,,,,
,,,,,,
,,,,,,
,,,,,,
,,,,,,
,,,,,,
,,,,,,
,,,,,,
,,,,,,
,,,,,,
,,,,,,
,,,,,,
,,,,,,
,,,,,,
,,,,,,
,,,,,,
,,,,,,
,,,,,,
,,,,,,
,,,,,,
,,,,,,
,,,,,,
,,,,,,
,,,,,,
Fender Jazzmaster Professional II 75th anniversary NEUVE,,,,,,
Fender Jazzmaster Professional II 75th anniversary NEUVE,,,,,,
,,,,,,
Fender Jazzmaster Professional II 75th anniversary NEUVE,,,,,,
Fender Jazzmaster Professional II 75th anniversary NEUVE,,,,,,
Fender Jazzmaster Professional II 75th anniversary NEUVE,,,,,,
,,,,,,
,,,,,,
,,,,,,
,,,,,,
,,,,,,
,,,,,,
,,,,,,
,,,,,,
,,,,,,
,,,,,,
,,,,,,
,,,,,,
,,,,,,
,,,,,,
,,,,,,
,,,,,,
,,,,,,
,,,,,,
,,,,,,
,,,,,,
,,,,,,
,,,,,,
,,,,,,
,,,,,,
,,,,,,
,,,,,,
,,,,,,
,,,,,,
,,,,,,
,,,,,,
,,,,,,
,,,,,,
,,,,,,
,,,,,,
,,,,,,
,,,,,,
,,,,,,
,,,,,,
,,,,,,
,,,,,,
,,,,,,
,,,,,,
,,,,,,
,,,,,,
,,,,,,
,,,,,,
,,,,,,
,,,,,,
,,,,,,
,,,,,,
,,,,,,
,,,,,,
,,,,,,
,,,,,,
,,,,,,
,,,,,,
,,,,,,
,,,,,,
,,,,,,
,,,,,,
,,,,,,
,,,,,,
,,,,,,
,,,,,,
,,,,,,
,,,,,,
,,,,,,
,,,,,,
,,,,,,
,,,,,,
,,,,,,
,,,,,,
,,,,,,
,,,,,,
,,,,,,
,,,,,,
,,,,,,
,,,,,,
,,,,,,
,,,,,,
,,,,,,
,,,,,,
,,,,,,
,,,,,,
,,,,,,
,,,,,,
,,,,,,
,,,,,,
System ELO 1500,,,,,,
System ELO 1500,,,,,,
,,,,,,
System ELO 1500,,,,,,
System ELO 1500,,,,,,
System ELO 1500,,,,,,
,,,,,,
,,,,,,
,,,,,,
,,,,,,
,,,,,,
,,,,,,
,,,,,,
,,,,,,
,,,,,,
,,,,,,
,,,,,,
,,,,,,
,,,,,,
,,,,,,
,,,,,,
,,,,,,
,,,,,,
,,,,,,
,,,,,,
,,,,,,
,,,,,,
,,,,,,
,,,,,,
,,,,,,
,,,,,,
,,,,,,
,,,,,,
,,,,,,
,,,,,,
,,,,,,
,,,,,,
,,,,,,
,,,,,,
,,,,,,
,,,,,,
,,,,,,
,,,,,,
,,,,,,
,,,,,,
,,,,,,
,,,,,,
,,,,,,
,,,,,,
,,,,,,
,,,,,,
,,,,,,
,,,,,,
,,,,,,
,,,,,,
,,,,,,
,,,,,,
,,,,,,
,,,,,,
,,,,,,
,,,,,,
,,,,,,
,,,,,,
,,,,,,
,,,,,,
,,,,,,
,,,,,,
,,,,,,
,,,,,,
,,,,,,
,,,,,,
,,,,,,
,,,,,,
,,,,,,
,,,,,,
,,,,,,
,,,,,,
,,,,,,
,,,,,,
,,,,,,
,,,,,,
,,,,,,
,,,,,,
,,,,,,
,,,,,,
,,,,,,
,,,,,,
,,,,,,
,,,,,,
,,,,,,
Pédale de reverb tc electronic ARENA,,"Argus 81,25 €",,,,
Pédale de reverb tc electronic ARENA,,"Argus 81,25 €",,,,
,,"Argus 81,25 €",,,,
Pédale de reverb tc electronic ARENA,,"Argus 81,25 €",,,,
Pédale de reverb tc electronic ARENA,,"Argus 81,25 €",,,,
Pédale de reverb tc electronic ARENA,,"Argus 81,25 €",,,,
,,"Argus 81,25 €",,,,
,,"Argus 81,25 €",,,,
,,"Argus 81,25 €",,,,
,,"Argus 81,25 €",,,,
,,"Argus 81,25 €",,,,
,,"Argus 81,25 €",,,,
,,"Argus 81,25 €",,,,
,,"Argus 81,25 €",,,,
,,"Argus 81,25 €",,,,
,,"Argus 81,25 €",,,,
,,"Argus 81,25 €",,,,
,,"Argus 81,25 €",,,,
,,"Argus 81,25 €",,,,
,,"Argus 81,25 €",,,,
,,"Argus 81,25 €",,,,
,,"Argus 81,25 €",,,,
,,"Argus 81,25 €",,,,
,,"Argus 81,25 €",,,,
,,"Argus 81,25 €",,,,
,,"Argus 81,25 €",,,,
,,"Argus 81,25 €",,,,
,,"Argus 81,25 €",,,,
,,"Argus 81,25 €",,,,
,,"Argus 81,25 €",,,,
,,"Argus 81,25 €",,,,
,,"Argus 81,25 €",,,,
,,"Argus 81,25 €",,,,
,,"Argus 81,25 €",,,,
,,"Argus 81,25 €",,,,
,,"Argus 81,25 €",,,,
,,"Argus 81,25 €",,,,
,,"Argus 81,25 €",,,,
,,"Argus 81,25 €",,,,
,,"Argus 81,25 €",,,,
,,"Argus 81,25 €",,,,
,,"Argus 81,25 €",,,,
,,"Argus 81,25 €",,,,
,,"Argus 81,25 €",,,,
,,"Argus 81,25 €",,,,
,,"Argus 81,25 €",,,,
,,"Argus 81,25 €",,,,
,,"Argus 81,25 €",,,,
,,"Argus 81,25 €",,,,
,,"Argus 81,25 €",,,,
,,"Argus 81,25 €",,,,
,,"Argus 81,25 €",,,,
,,"Argus 81,25 €",,,,
,,"Argus 81,25 €",,,,
,,"Argus 81,25 €",,,,
,,"Argus 81,25 €",,,,
,,"Argus 81,25 €",,,,
,,"Argus 81,25 €",,,,
,,"Argus 81,25 €",,,,
,,"Argus 81,25 €",,,,
,,"Argus 81,25 €",,,,
,,"Argus 81,25 €",,,,
,,"Argus 81,25 €",,,,
,,"Argus 81,25 €",,,,
,,"Argus 81,25 €",,,,
,,"Argus 81,25 €",,,,
,,"Argus 81,25 €",,,,
,,"Argus 81,25 €",,,,
,,"Argus 81,25 €",,,,
,,"Argus 81,25 €",,,,
,,"Argus 81,25 €",,,,
,,"Argus 81,25 €",,,,
,,"Argus 81,25 €",,,,
,,"Argus 81,25 €",,,,
,,"Argus 81,25 €",,,,
,,"Argus 81,25 €",,,,
,,"Argus 81,25 €",,,,
,,"Argus 81,25 €",,,,
,,"Argus 81,25 €",,,,
,,"Argus 81,25 €",,,,
,,"Argus 81,25 €",,,,
,,"Argus 81,25 €",,,,
,,"Argus 81,25 €",,,,
,,"Argus 81,25 €",,,,
,,"Argus 81,25 €",,,,
,,"Argus 81,25 €",,,,
,,"Argus 81,25 €",,,,
,,"Argus 81,25 €",,,,
Vends Bias Head,,,,,,
Vends Bias Head,,,,,,
,,,,,,
Vends Bias Head,,,,,,
Vends Bias Head,,,,,,
Vends Bias Head,,,,,,
,,,,,,
,,,,,,
,,,,,,
,,,,,,
,,,,,,
,,,,,,
,,,,,,
,,,,,,
,,,,,,
,,,,,,
,,,,,,
,,,,,,
,,,,,,
,,,,,,
,,,,,,
,,,,,,
,,,,,,
,,,,,,
,,,,,,
,,,,,,
,,,,,,
,,,,,,
,,,,,,
,,,,,,
,,,,,,
,,,,,,
,,,,,,
,,,,,,
,,,,,,
,,,,,,
,,,,,,
,,,,,,
,,,,,,
,,,,,,
,,,,,,
,,,,,,
,,,,,,
,,,,,,
,,,,,,
,,,,,,
,,,,,,
,,,,,,
,,,,,,
,,,,,,
,,,,,,
,,,,,,
,,,,,,
,,,,,,
,,,,,,
,,,,,,
,,,,,,
,,,,,,
,,,,,,
,,,,,,
,,,,,,
,,,,,,
,,,,,,
,,,,,,
,,,,,,
,,,,,,
,,,,,,
,,,,,,
,,,,,,
,,,,,,
,,,,,,
,,,,,,
,,,,,,
,,,,,,
,,,,,,
,,,,,,
,,,,,,
,,,,,,
,,,,,,
,,,,,,
,,,,,,
Vends Catalibread Formula No. 55,,,,,,
Vends Catalibread Formula No. 55,,,,,,
,,,,,,
Vends Catalibread Formula No. 55,,,,,,
Vends Catalibread Formula No. 55,,,,,,
Vends Catalibread Formula No. 55,,,,,,
,,,,,,
,,,,,,
,,,,,,
,,,,,,
,,,,,,
,,,,,,
,,,,,,
,,,,,,
,,,,,,
,,,,,,
,,,,,,
,,,,,,
,,,,,,
,,,,,,
,,,,,,
,,,,,,
,,,,,,
,,,,,,
,,,,,,
,,,,,,
,,,,,,
,,,,,,
,,,,,,
,,,,,,
,,,,,,
,,,,,,
,,,,,,
,,,,,,
,,,,,,
,,,,,,
,,,,,,
,,,,,,
,,,,,,
,,,,,,
,,,,,,
,,,,,,
,,,,,,
,,,,,,
,,,,,,
,,,,,,
,,,,,,
,,,,,,
,,,,,,
,,,,,,
,,,,,,
,,,,,,
,,,,,,
,,,,,,
,,,,,,
,,,,,,
,,,,,,
,,,,,,
,,,,,,
,,,,,,
,,,,,,
,,,,,,
,,,,,,
,,,,,,
,,,,,,
,,,,,,
,,,,,,
,,,,,,
,,,,,,
,,,,,,
,,,,,,
,,,,,,
,,,,,,
,,,,,,
,,,,,,
,,,,,,
,,,,,,
,,,,,,
,,,,,,
,,,,,,
,,,,,,
,,,,,,
,,,,,,
,,,,,,
,,,,,,
,,,,,,
,,,,,,
,,,,,,
MiniBrute 2S Black Edition,,,,,,
MiniBrute 2S Black Edition,,,,,,
,,,,,,
MiniBrute 2S Black Edition,,,,,,
MiniBrute 2S Black Edition,,,,,,
MiniBrute 2S Black Edition,,,,,,
,,,,,,
,,,,,,
,,,,,,
,,,,,,
,,,,,,
,,,,,,
,,,,,,
,,,,,,
,,,,,,
,,,,,,
,,,,,,
,,,,,,
,,,,,,
,,,,,,
,,,,,,
,,,,,,
,,,,,,
,,,,,,
,,,,,,
,,,,,,
,,,,,,
,,,,,,
,,,,,,
,,,,,,
,,,,,,
,,,,,,
,,,,,,
,,,,,,
,,,,,,
,,,,,,
,,,,,,
,,,,,,
,,,,,,
,,,,,,
,,,,,,
,,,,,,
,,,,,,
,,,,,,
,,,,,,
,,,,,,
,,,,,,
,,,,,,
,,,,,,
,,,,,,
,,,,,,
,,,,,,
,,,,,,
,,,,,,
,,,,,,
,,,,,,
,,,,,,
,,,,,,
,,,,,,
,,,,,,
,,,,,,
,,,,,,
,,,,,,
,,,,,,
,,,,,,
,,,,,,
,,,,,,
,,,,,,
,,,,,,
,,,,,,
,,,,,,
,,,,,,
,,,,,,
,,,,,,
,,,,,,
,,,,,,
,,,,,,
,,,,,,
,,,,,,
,,,,,,
,,,,,,
,,,,,,
,,,,,,
,,,,,,
,,,,,,
Two notes torpedo CAB M+,,"Argus 190,41 €",,,,
Two notes torpedo CAB M+,,"Argus 190,41 €",,,,
,,"Argus 190,41 €",,,,
Two notes torpedo CAB M+,,"Argus 190,41 €",,,,
Two notes torpedo CAB M+,,"Argus 190,41 €",,,,
Two notes torpedo CAB M+,,"Argus 190,41 €",,,,
,,"Argus 190,41 €",,,,
,,"Argus 190,41 €",,,,
,,"Argus 190,41 €",,,,
,,"Argus 190,41 €",,,,
,,"Argus 190,41 €",,,,
,,"Argus 190,41 €",,,,
,,"Argus 190,41 €",,,,
,,"Argus 190,41 €",,,,
,,"Argus 190,41 €",,,,
,,"Argus 190,41 €",,,,
,,"Argus 190,41 €",,,,
,,"Argus 190,41 €",,,,
,,"Argus 190,41 €",,,,
,,"Argus 190,41 €",,,,
,,"Argus 190,41 €",,,,
,,"Argus 190,41 €",,,,
,,"Argus 190,41 €",,,,
,,"Argus 190,41 €",,,,
,,"Argus 190,41 €",,,,
,,"Argus 190,41 €",,,,
,,"Argus 190,41 €",,,,
,,"Argus 190,41 €",,,,
,,"Argus 190,41 €",,,,
,,"Argus 190,41 €",,,,
,,"Argus 190,41 €",,,,
,,"Argus 190,41 €",,,,
,,"Argus 190,41 €",,,,
,,"Argus 190,41 €",,,,
,,"Argus 190,41 €",,,,
,,"Argus 190,41 €",,,,
,,"Argus 190,41 €",,,,
,,"Argus 190,41 €",,,,
,,"Argus 190,41 €",,,,
,,"Argus 190,41 €",,,,
,,"Argus 190,41 €",,,,
,,"Argus 190,41 €",,,,
,,"Argus 190,41 €",,,,
,,"Argus 190,41 €",,,,
,,"Argus 190,41 €",,,,
,,"Argus 190,41 €",,,,
,,"Argus 190,41 €",,,,
,,"Argus 190,41 €",,,,
,,"Argus 190,41 €",,,,
,,"Argus 190,41 €",,,,
,,"Argus 190,41 €",,,,
,,"Argus 190,41 €",,,,
,,"Argus 190,41 €",,,,
,,"Argus 190,41 €",,,,
,,"Argus 190,41 €",,,,
,,"Argus 190,41 €",,,,
,,"Argus 190,41 €",,,,
,,"Argus 190,41 €",,,,
,,"Argus 190,41 €",,,,
,,"Argus 190,41 €",,,,
,,"Argus 190,41 €",,,,
,,"Argus 190,41 €",,,,
,,"Argus 190,41 €",,,,
,,"Argus 190,41 €",,,,
,,"Argus 190,41 €",,,,
,,"Argus 190,41 €",,,,
,,"Argus 190,41 €",,,,
,,"Argus 190,41 €",,,,
,,"Argus 190,41 €",,,,
,,"Argus 190,41 €",,,,
,,"Argus 190,41 €",,,,
,,"Argus 190,41 €",,,,
,,"Argus 190,41 €",,,,
,,"Argus 190,41 €",,,,
,,"Argus 190,41 €",,,,
,,"Argus 190,41 €",,,,
,,"Argus 190,41 €",,,,
,,"Argus 190,41 €",,,,
,,"Argus 190,41 €",,,,
,,"Argus 190,41 €",,,,
,,"Argus 190,41 €",,,,
,,"Argus 190,41 €",,,,
,,"Argus 190,41 €",,,,
,,"Argus 190,41 €",,,,
,,"Argus 190,41 €",,,,
,,"Argus 190,41 €",,,,
,,"Argus 190,41 €",,,,
,,"Argus 190,41 €",,,,
,,"Argus 190,41 €",,,,
,,"Argus 190,41 €",,,,
PUSH 1 ableton,,"Argus 145,67 €",,,,
PUSH 1 ableton,,"Argus 145,67 €",,,,
,,"Argus 145,67 €",,,,
PUSH 1 ableton,,"Argus 145,67 €",,,,
PUSH 1 ableton,,"Argus 145,67 €",,,,
PUSH 1 ableton,,"Argus 145,67 €",,,,
,,"Argus 145,67 €",,,,
,,"Argus 145,67 €",,,,
,,"Argus 145,67 €",,,,
,,"Argus 145,67 €",,,,
,,"Argus 145,67 €",,,,
,,"Argus 145,67 €",,,,
,,"Argus 145,67 €",,,,
,,"Argus 145,67 €",,,,
,,"Argus 145,67 €",,,,
,,"Argus 145,67 €",,,,
,,"Argus 145,67 €",,,,
,,"Argus 145,67 €",,,,
,,"Argus 145,67 €",,,,
,,"Argus 145,67 €",,,,
,,"Argus 145,67 €",,,,
,,"Argus 145,67 €",,,,
,,"Argus 145,67 €",,,,
,,"Argus 145,67 €",,,,
,,"Argus 145,67 €",,,,
,,"Argus 145,67 €",,,,
,,"Argus 145,67 €",,,,
,,"Argus 145,67 €",,,,
,,"Argus 145,67 €",,,,
,,"Argus 145,67 €",,,,
,,"Argus 145,67 €",,,,
,,"Argus 145,67 €",,,,
,,"Argus 145,67 €",,,,
,,"Argus 145,67 €",,,,
,,"Argus 145,67 €",,,,
,,"Argus 145,67 €",,,,
,,"Argus 145,67 €",,,,
,,"Argus 145,67 €",,,,
,,"Argus 145,67 €",,,,
,,"Argus 145,67 €",,,,
,,"Argus 145,67 €",,,,
,,"Argus 145,67 €",,,,
,,"Argus 145,67 €",,,,
,,"Argus 145,67 €",,,,
,,"Argus 145,67 €",,,,
,,"Argus 145,67 €",,,,
,,"Argus 145,67 €",,,,
,,"Argus 145,67 €",,,,
,,"Argus 145,67 €",,,,
,,"Argus 145,67 €",,,,
,,"Argus 145,67 €",,,,
,,"Argus 145,67 €",,,,
,,"Argus 145,67 €",,,,
,,"Argus 145,67 €",,,,
,,"Argus 145,67 €",,,,
,,"Argus 145,67 €",,,,
,,"Argus 145,67 €",,,,
,,"Argus 145,67 €",,,,
,,"Argus 145,67 €",,,,
,,"Argus 145,67 €",,,,
,,"Argus 145,67 €",,,,
,,"Argus 145,67 €",,,,
,,"Argus 145,67 €",,,,
,,"Argus 145,67 €",,,,
,,"Argus 145,67 €",,,,
,,"Argus 145,67 €",,,,
,,"Argus 145,67 €",,,,
,,"Argus 145,67 €",,,,
,,"Argus 145,67 €",,,,
,,"Argus 145,67 €",,,,
,,"Argus 145,67 €",,,,
,,"Argus 145,67 €",,,,
,,"Argus 145,67 €",,,,
,,"Argus 145,67 €",,,,
,,"Argus 145,67 €",,,,
,,"Argus 145,67 €",,,,
,,"Argus 145,67 €",,,,
,,"Argus 145,67 €",,,,
,,"Argus 145,67 €",,,,
,,"Argus 145,67 €",,,,
,,"Argus 145,67 €",,,,
,,"Argus 145,67 €",,,,
,,"Argus 145,67 €",,,,
,,"Argus 145,67 €",,,,
,,"Argus 145,67 €",,,,
,,"Argus 145,67 €",,,,
,,"Argus 145,67 €",,,,
,,"Argus 145,67 €",,,,
,,"Argus 145,67 €",,,,
,,"Argus 145,67 €",,,,
Bonnette Rode WS8,,,,,,
Bonnette Rode WS8,,,,,,
,,,,,,
Bonnette Rode WS8,,,,,,
Bonnette Rode WS8,,,,,,
Bonnette Rode WS8,,,,,,
,,,,,,
,,,,,,
,,,,,,
,,,,,,
,,,,,,
,,,,,,
,,,,,,
,,,,,,
,,,,,,
,,,,,,
,,,,,,
,,,,,,
,,,,,,
,,,,,,
,,,,,,
,,,,,,
,,,,,,
,,,,,,
,,,,,,
,,,,,,
,,,,,,
,,,,,,
,,,,,,
,,,,,,
,,,,,,
,,,,,,
,,,,,,
,,,,,,
,,,,,,
,,,,,,
,,,,,,
,,,,,,
,,,,,,
,,,,,,
,,,,,,
,,,,,,
,,,,,,
,,,,,,
,,,,,,
,,,,,,
,,,,,,
,,,,,,
,,,,,,
,,,,,,
,,,,,,
,,,,,,
,,,,,,
,,,,,,
,,,,,,
,,,,,,
,,,,,,
,,,,,,
,,,,,,
,,,,,,
,,,,,,
,,,,,,
,,,,,,
,,,,,,
,,,,,,
,,,,,,
,,,,,,
,,,,,,
,,,,,,
,,,,,,
,,,,,,
,,,,,,
,,,,,,
,,,,,,
,,,,,,
,,,,,,
,,,,,,
,,,,,,
,,,,,,
,,,,,,
,,,,,,
,,,,,,
,,,,,,
,,,,,,
,,,,,,
,,,,,,
,,,,,,
,,,,,,
,,,,,,
,,,,,,
,,,,,,
,,,,,,
,,,,,,
,,,,,,
Vends Arturia KeyStep 32,,,,,,
Vends Arturia KeyStep 32,,,,,,
,,,,,,
Vends Arturia KeyStep 32,,,,,,
Vends Arturia KeyStep 32,,,,,,
Vends Arturia KeyStep 32,,,,,,
,,,,,,
,,,,,,
,,,,,,
,,,,,,
,,,,,,
,,,,,,
,,,,,,
,,,,,,
,,,,,,
,,,,,,
,,,,,,
,,,,,,
,,,,,,
,,,,,,
,,,,,,
,,,,,,
,,,,,,
,,,,,,
,,,,,,
,,,,,,
,,,,,,
,,,,,,
,,,,,,
,,,,,,
,,,,,,
,,,,,,
,,,,,,
,,,,,,
,,,,,,
,,,,,,
,,,,,,
,,,,,,
,,,,,,
,,,,,,
,,,,,,
,,,,,,
,,,,,,
,,,,,,
,,,,,,
,,,,,,
,,,,,,
,,,,,,
,,,,,,
,,,,,,
,,,,,,
,,,,,,
,,,,,,
,,,,,,
,,,,,,
,,,,,,
,,,,,,
,,,,,,
,,,,,,
,,,,,,
,,,,,,
,,,,,,
,,,,,,
,,,,,,
,,,,,,
,,,,,,
,,,,,,
,,,,,,
,,,,,,
,,,,,,
,,,,,,
,,,,,,
,,,,,,
,,,,,,
,,,,,,
,,,,,,
,,,,,,
,,,,,,
,,,,,,
,,,,,,
,,,,,,
,,,,,,
,,,,,,
,,,,,,
,,,,,,
,,,,,,
,,,,,,
,,,,,,
,,,,,,
,,,,,,
,,,,,,
,,,,,,
,,,,,,
,,,,,,
Régie Pioneer cdj 2000 nexus x2 et djm 900,,"Argus 1 712,00 €",,,,
Régie Pioneer cdj 2000 nexus x2 et djm 900,,"Argus 1 712,00 €",,,,
,,"Argus 1 712,00 €",,,,
Régie Pioneer cdj 2000 nexus x2 et djm 900,,"Argus 1 712,00 €",,,,
Régie Pioneer cdj 2000 nexus x2 et djm 900,,"Argus 1 712,00 €",,,,
Régie Pioneer cdj 2000 nexus x2 et djm 900,,"Argus 1 712,00 €",,,,
,,"Argus 1 712,00 €",,,,
,,"Argus 1 712,00 €",,,,
,,"Argus 1 712,00 €",,,,
,,"Argus 1 712,00 €",,,,
,,"Argus 1 712,00 €",,,,
,,"Argus 1 712,00 €",,,,
,,"Argus 1 712,00 €",,,,
,,"Argus 1 712,00 €",,,,
,,"Argus 1 712,00 €",,,,
,,"Argus 1 712,00 €",,,,
,,"Argus 1 712,00 €",,,,
,,"Argus 1 712,00 €",,,,
,,"Argus 1 712,00 €",,,,
,,"Argus 1 712,00 €",,,,
,,"Argus 1 712,00 €",,,,
,,"Argus 1 712,00 €",,,,
,,"Argus 1 712,00 €",,,,
,,"Argus 1 712,00 €",,,,
,,"Argus 1 712,00 €",,,,
,,"Argus 1 712,00 €",,,,
,,"Argus 1 712,00 €",,,,
,,"Argus 1 712,00 €",,,,
,,"Argus 1 712,00 €",,,,
,,"Argus 1 712,00 €",,,,
,,"Argus 1 712,00 €",,,,
,,"Argus 1 712,00 €",,,,
,,"Argus 1 712,00 €",,,,
,,"Argus 1 712,00 €",,,,
,,"Argus 1 712,00 €",,,,
,,"Argus 1 712,00 €",,,,
,,"Argus 1 712,00 €",,,,
,,"Argus 1 712,00 €",,,,
,,"Argus 1 712,00 €",,,,
,,"Argus 1 712,00 €",,,,
,,"Argus 1 712,00 €",,,,
,,"Argus 1 712,00 €",,,,
,,"Argus 1 712,00 €",,,,
,,"Argus 1 712,00 €",,,,
,,"Argus 1 712,00 €",,,,
,,"Argus 1 712,00 €",,,,
,,"Argus 1 712,00 €",,,,
,,"Argus 1 712,00 €",,,,
,,"Argus 1 712,00 €",,,,
,,"Argus 1 712,00 €",,,,
,,"Argus 1 712,00 €",,,,
,,"Argus 1 712,00 €",,,,
,,"Argus 1 712,00 €",,,,
,,"Argus 1 712,00 €",,,,
,,"Argus 1 712,00 €",,,,
,,"Argus 1 712,00 €",,,,
,,"Argus 1 712,00 €",,,,
,,"Argus 1 712,00 €",,,,
,,"Argus 1 712,00 €",,,,
,,"Argus 1 712,00 €",,,,
,,"Argus 1 712,00 €",,,,
,,"Argus 1 712,00 €",,,,
,,"Argus 1 712,00 €",,,,
,,"Argus 1 712,00 €",,,,
,,"Argus 1 712,00 €",,,,
,,"Argus 1 712,00 €",,,,
,,"Argus 1 712,00 €",,,,
,,"Argus 1 712,00 €",,,,
,,"Argus 1 712,00 €",,,,
,,"Argus 1 712,00 €",,,,
,,"Argus 1 712,00 €",,,,
,,"Argus 1 712,00 €",,,,
,,"Argus 1 712,00 €",,,,
,,"Argus 1 712,00 €",,,,
,,"Argus 1 712,00 €",,,,
,,"Argus 1 712,00 €",,,,
,,"Argus 1 712,00 €",,,,
,,"Argus 1 712,00 €",,,,
,,"Argus 1 712,00 €",,,,
,,"Argus 1 712,00 €",,,,
,,"Argus 1 712,00 €",,,,
,,"Argus 1 712,00 €",,,,
,,"Argus 1 712,00 €",,,,
,,"Argus 1 712,00 €",,,,
,,"Argus 1 712,00 €",,,,
,,"Argus 1 712,00 €",,,,
,,"Argus 1 712,00 €",,,,
,,"Argus 1 712,00 €",,,,
,,"Argus 1 712,00 €",,,,
Casque zoom zhp-1,,,,,,
Casque zoom zhp-1,,,,,,
,,,,,,
Casque zoom zhp-1,,,,,,
Casque zoom zhp-1,,,,,,
Casque zoom zhp-1,,,,,,
,,,,,,
,,,,,,
,,,,,,
,,,,,,
,,,,,,
,,,,,,
,,,,,,
,,,,,,
,,,,,,
,,,,,,
,,,,,,
,,,,,,
,,,,,,
,,,,,,
,,,,,,
,,,,,,
,,,,,,
,,,,,,
,,,,,,
,,,,,,
,,,,,,
,,,,,,
,,,,,,
,,,,,,
,,,,,,
,,,,,,
,,,,,,
,,,,,,
,,,,,,
,,,,,,
,,,,,,
,,,,,,
,,,,,,
,,,,,,
,,,,,,
,,,,,,
,,,,,,
,,,,,,
,,,,,,
,,,,,,
,,,,,,
,,,,,,
,,,,,,
,,,,,,
,,,,,,
,,,,,,
,,,,,,
,,,,,,
,,,,,,
,,,,,,
,,,,,,
,,,,,,
,,,,,,
,,,,,,
,,,,,,
,,,,,,
,,,,,,
,,,,,,
,,,,,,
,,,,,,
,,,,,,
,,,,,,
,,,,,,
,,,,,,
,,,,,,
,,,,,,
,,,,,,
,,,,,,
,,,,,,
,,,,,,
,,,,,,
,,,,,,
,,,,,,
,,,,,,
,,,,,,
,,,,,,
,,,,,,
,,,,,,
,,,,,,
,,,,,,
,,,,,,
,,,,,,
,,,,,,
,,,,,,
,,,,,,
,,,,,,
,,,,,,
,,,,,,
,,,,,,
,,,,,,
Vends Samson C02,,,,,,
Vends Samson C02,,,,,,
,,,,,,
Vends Samson C02,,,,,,
Vends Samson C02,,,,,,
Vends Samson C02,,,,,,
,,,,,,
,,,,,,
,,,,,,
,,,,,,
,,,,,,
,,,,,,
,,,,,,
,,,,,,
,,,,,,
,,,,,,
,,,,,,
,,,,,,
,,,,,,
,,,,,,
,,,,,,
,,,,,,
,,,,,,
,,,,,,
,,,,,,
,,,,,,
,,,,,,
,,,,,,
,,,,,,
,,,,,,
,,,,,,
,,,,,,
,,,,,,
,,,,,,
,,,,,,
,,,,,,
,,,,,,
,,,,,,
,,,,,,
,,,,,,
,,,,,,
,,,,,,
,,,,,,
,,,,,,
,,,,,,
,,,,,,
,,,,,,
,,,,,,
,,,,,,
,,,,,,
,,,,,,
,,,,,,
,,,,,,
,,,,,,
,,,,,,
,,,,,,
,,,,,,
,,,,,,
,,,,,,
,,,,,,
,,,,,,
,,,,,,
,,,,,,
,,,,,,
,,,,,,
,,,,,,
,,,,,,
,,,,,,
,,,,,,
,,,,,,
,,,,,,
,,,,,,
,,,,,,
,,,,,,
,,,,,,
,,,,,,
,,,,,,
,,,,,,
,,,,,,
,,,,,,
,,,,,,
,,,,,,
,,,,,,
,,,,,,
,,,,,,
,,,,,,
,,,,,,
,,,,,,
,,,,,,
,,,,,,
,,,,,,
,,,,,,
,,,,,,
,,,,,,
,,,,,,
Vend paire de Samson C02,,,,,,
Vend paire de Samson C02,,,,,,
,,,,,,
Vend paire de Samson C02,,,,,,
Vend paire de Samson C02,,,,,,
Vend paire de Samson C02,,,,,,
,,,,,,
,,,,,,
,,,,,,
,,,,,,
,,,,,,
,,,,,,
,,,,,,
,,,,,,
,,,,,,
,,,,,,
,,,,,,
,,,,,,
,,,,,,
,,,,,,
,,,,,,
,,,,,,
,,,,,,
,,,,,,
,,,,,,
,,,,,,
,,,,,,
,,,,,,
,,,,,,
,,,,,,
,,,,,,
,,,,,,
,,,,,,
,,,,,,
,,,,,,
,,,,,,
,,,,,,
,,,,,,
,,,,,,
,,,,,,
,,,,,,
,,,,,,
,,,,,,
,,,,,,
,,,,,,
,,,,,,
,,,,,,
,,,,,,
,,,,,,
,,,,,,
,,,,,,
,,,,,,
,,,,,,
,,,,,,
,,,,,,
,,,,,,
,,,,,,
,,,,,,
,,,,,,
,,,,,,
,,,,,,
,,,,,,
,,,,,,
,,,,,,
,,,,,,
,,,,,,
,,,,,,
,,,,,,
,,,,,,
,,,,,,
,,,,,,
,,,,,,
,,,,,,
,,,,,,
,,,,,,
,,,,,,
,,,,,,
,,,,,,
,,,,,,
,,,,,,
,,,,,,
,,,,,,
,,,,,,
,,,,,,
,,,,,,
,,,,,,
,,,,,,
,,,,,,
,,,,,,
,,,,,,
,,,,,,
,,,,,,
,,,,,,
,,,,,,
,,,,,,
Vends Pioneer Toraiz AS-1,,,,,,
Vends Pioneer Toraiz AS-1,,,,,,
,,,,,,
Vends Pioneer Toraiz AS-1,,,,,,
Vends Pioneer Toraiz AS-1,,,,,,
Vends Pioneer Toraiz AS-1,,,,,,
,,,,,,
,,,,,,
,,,,,,
,,,,,,
,,,,,,
,,,,,,
,,,,,,
,,,,,,
,,,,,,
,,,,,,
,,,,,,
,,,,,,
,,,,,,
,,,,,,
,,,,,,
,,,,,,
,,,,,,
,,,,,,
,,,,,,
,,,,,,
,,,,,,
,,,,,,
,,,,,,
,,,,,,
,,,,,,
,,,,,,
,,,,,,
,,,,,,
,,,,,,
,,,,,,
,,,,,,
,,,,,,
,,,,,,
,,,,,,
,,,,,,
,,,,,,
,,,,,,
,,,,,,
,,,,,,
,,,,,,
,,,,,,
,,,,,,
,,,,,,
,,,,,,
,,,,,,
,,,,,,
,,,,,,
,,,,,,
,,,,,,
,,,,,,
,,,,,,
,,,,,,
,,,,,,
,,,,,,
,,,,,,
,,,,,,
,,,,,,
,,,,,,
,,,,,,
,,,,,,
,,,,,,
,,,,,,
,,,,,,
,,,,,,
,,,,,,
,,,,,,
,,,,,,
,,,,,,
,,,,,,
,,,,,,
,,,,,,
,,,,,,
,,,,,,
,,,,,,
,,,,,,
,,,,,,
,,,,,,
,,,,,,
,,,,,,
,,,,,,
,,,,,,
,,,,,,
,,,,,,
,,,,,,
,,,,,,
Fender Blues Deluxe Reissue,,,,,,
Fender Blues Deluxe Reissue,,,,,,
,,,,,,
Fender Blues Deluxe Reissue,,,,,,
Fender Blues Deluxe Reissue,,,,,,
Fender Blues Deluxe Reissue,,,,,,
,,,,,,
,,,,,,
,,,,,,
,,,,,,
,,,,,,
,,,,,,
,,,,,,
,,,,,,
,,,,,,
,,,,,,
,,,,,,
,,,,,,
,,,,,,
,,,,,,
,,,,,,
,,,,,,
,,,,,,
,,,,,,
,,,,,,
,,,,,,
,,,,,,
,,,,,,
,,,,,,
,,,,,,
,,,,,,
,,,,,,
,,,,,,
,,,,,,
,,,,,,
,,,,,,
,,,,,,
,,,,,,
,,,,,,
,,,,,,
,,,,,,
,,,,,,
,,,,,,
,,,,,,
,,,,,,
,,,,,,
,,,,,,
,,,,,,
,,,,,,
,,,,,,
,,,,,,
,,,,,,
,,,,,,
,,,,,,
,,,,,,
,,,,,,
,,,,,,
,,,,,,
,,,,,,
,,,,,,
,,,,,,
,,,,,,
,,,,,,
,,,,,,
,,,,,,
,,,,,,
,,,,,,
,,,,,,
,,,,,,
,,,,,,
,,,,,,
,,,,,,
,,,,,,
,,,,,,
,,,,,,
,,,,,,
,,,,,,
,,,,,,
,,,,,,
,,,,,,
,,,,,,
,,,,,,
,,,,,,
,,,,,,
,,,,,,
,,,,,,
,,,,,,
,,,,,,
,,,,,,
,,,,,,
,,,,,,
,,,,,,
,,,,,,
Zynthian v4,,"Argus 261,25 €",,,,
Zynthian v4,,"Argus 261,25 €",,,,
,,"Argus 261,25 €",,,,
Zynthian v4,,"Argus 261,25 €",,,,
Zynthian v4,,"Argus 261,25 €",,,,
Zynthian v4,,"Argus 261,25 €",,,,
,,"Argus 261,25 €",,,,
,,"Argus 261,25 €",,,,
,,"Argus 261,25 €",,,,
,,"Argus 261,25 €",,,,
,,"Argus 261,25 €",,,,
,,"Argus 261,25 €",,,,
,,"Argus 261,25 €",,,,
,,"Argus 261,25 €",,,,
,,"Argus 261,25 €",,,,
,,"Argus 261,25 €",,,,
,,"Argus 261,25 €",,,,
,,"Argus 261,25 €",,,,
,,"Argus 261,25 €",,,,
,,"Argus 261,25 €",,,,
,,"Argus 261,25 €",,,,
,,"Argus 261,25 €",,,,
,,"Argus 261,25 €",,,,
,,"Argus 261,25 €",,,,
,,"Argus 261,25 €",,,,
,,"Argus 261,25 €",,,,
,,"Argus 261,25 €",,,,
,,"Argus 261,25 €",,,,
,,"Argus 261,25 €",,,,
,,"Argus 261,25 €",,,,
,,"Argus 261,25 €",,,,
,,"Argus 261,25 €",,,,
,,"Argus 261,25 €",,,,
,,"Argus 261,25 €",,,,
,,"Argus 261,25 €",,,,
,,"Argus 261,25 €",,,,
,,"Argus 261,25 €",,,,
,,"Argus 261,25 €",,,,
,,"Argus 261,25 €",,,,
,,"Argus 261,25 €",,,,
,,"Argus 261,25 €",,,,
,,"Argus 261,25 €",,,,
,,"Argus 261,25 €",,,,
,,"Argus 261,25 €",,,,
,,"Argus 261,25 €",,,,
,,"Argus 261,25 €",,,,
,,"Argus 261,25 €",,,,
,,"Argus 261,25 €",,,,
,,"Argus 261,25 €",,,,
,,"Argus 261,25 €",,,,
,,"Argus 261,25 €",,,,
,,"Argus 261,25 €",,,,
,,"Argus 261,25 €",,,,
,,"Argus 261,25 €",,,,
,,"Argus 261,25 €",,,,
,,"Argus 261,25 €",,,,
,,"Argus 261,25 €",,,,
,,"Argus 261,25 €",,,,
,,"Argus 261,25 €",,,,
,,"Argus 261,25 €",,,,
,,"Argus 261,25 €",,,,
,,"Argus 261,25 €",,,,
,,"Argus 261,25 €",,,,
,,"Argus 261,25 €",,,,
,,"Argus 261,25 €",,,,
,,"Argus 261,25 €",,,,
,,"Argus 261,25 €",,,,
,,"Argus 261,25 €",,,,
,,"Argus 261,25 €",,,,
,,"Argus 261,25 €",,,,
,,"Argus 261,25 €",,,,
,,"Argus 261,25 €",,,,
,,"Argus 261,25 €",,,,
,,"Argus 261,25 €",,,,
,,"Argus 261,25 €",,,,
,,"Argus 261,25 €",,,,
,,"Argus 261,25 €",,,,
,,"Argus 261,25 €",,,,
,,"Argus 261,25 €",,,,
,,"Argus 261,25 €",,,,
,,"Argus 261,25 €",,,,
,,"Argus 261,25 €",,,,
,,"Argus 261,25 €",,,,
vend four brick root,,,,,,
vend four brick root,,,,,,
,,,,,,
vend four brick root,,,,,,
vend four brick root,,,,,,
vend four brick root,,,,,,
,,,,,,
,,,,,,
,,,,,,
,,,,,,
,,,,,,
,,,,,,
,,,,,,
,,,,,,
,,,,,,
,,,,,,
,,,,,,
,,,,,,
,,,,,,
,,,,,,
,,,,,,
,,,,,,
,,,,,,
,,,,,,
,,,,,,
,,,,,,
,,,,,,
,,,,,,
,,,,,,
,,,,,,
,,,,,,
,,,,,,
,,,,,,
,,,,,,
,,,,,,
,,,,,,
,,,,,,
,,,,,,
,,,,,,
,,,,,,
,,,,,,
,,,,,,
,,,,,,
,,,,,,
,,,,,,
,,,,,,
,,,,,,
,,,,,,
,,,,,,
,,,,,,
,,,,,,
,,,,,,
,,,,,,
,,,,,,
,,,,,,
,,,,,,
,,,,,,
,,,,,,
,,,,,,
,,,,,,
,,,,,,
,,,,,,
,,,,,,
,,,,,,
,,,,,,
,,,,,,
,,,,,,
,,,,,,
,,,,,,
,,,,,,
,,,,,,
,,,,,,
,,,,,,
,,,,,,
,,,,,,
,,,,,,
,,,,,,
,,,,,,
,,,,,,
,,,,,,
,,,,,,
,,,,,,
,,,,,,
,,,,,,
,,,,,,
,,,,,,
,,,,,,
,,,,,,
,,,,,,
,,,,,,
,,,,,,
Fender Jazzmaster Professional II 75th anniversary NEUVE,,,,,,
Fender Jazzmaster Professional II 75th anniversary NEUVE,,,,,,
,,,,,,
Fender Jazzmaster Professional II 75th anniversary NEUVE,,,,,,
Fender Jazzmaster Professional II 75th anniversary NEUVE,,,,,,
Fender Jazzmaster Professional II 75th anniversary NEUVE,,,,,,
,,,,,,
,,,,,,
,,,,,,
,,,,,,
,,,,,,
,,,,,,
,,,,,,
,,,,,,
,,,,,,
,,,,,,
,,,,,,
,,,,,,
,,,,,,
,,,,,,
,,,,,,
,,,,,,
,,,,,,
,,,,,,
,,,,,,
,,,,,,
,,,,,,
,,,,,,
,,,,,,
,,,,,,
,,,,,,
,,,,,,
,,,,,,
,,,,,,
,,,,,,
,,,,,,
,,,,,,
,,,,,,
,,,,,,
,,,,,,
,,,,,,
,,,,,,
,,,,,,
,,,,,,
,,,,,,
,,,,,,
,,,,,,
,,,,,,
,,,,,,
,,,,,,
,,,,,,
,,,,,,
,,,,,,
,,,,,,
,,,,,,
,,,,,,
,,,,,,
,,,,,,
,,,,,,
,,,,,,
,,,,,,
,,,,,,
,,,,,,
,,,,,,
,,,,,,
,,,,,,
,,,,,,
,,,,,,
,,,,,,
,,,,,,
,,,,,,
,,,,,,
,,,,,,
,,,,,,
,,,,,,
,,,,,,
,,,,,,
,,,,,,
,,,,,,
,,,,,,
,,,,,,
,,,,,,
,,,,,,
,,,,,,
,,,,,,
,,,,,,
,,,,,,
,,,,,,
,,,,,,
,,,,,,
,,,,,,
,,,,,,
,,,,,,
,,,,,,
System ELO 1500,,,,,,
System ELO 1500,,,,,,
,,,,,,
System ELO 1500,,,,,,
System ELO 1500,,,,,,
System ELO 1500,,,,,,
,,,,,,
,,,,,,
,,,,,,
,,,,,,
,,,,,,
,,,,,,
,,,,,,
,,,,,,
,,,,,,
,,,,,,
,,,,,,
,,,,,,
,,,,,,
,,,,,,
,,,,,,
,,,,,,
,,,,,,
,,,,,,
,,,,,,
,,,,,,
,,,,,,
,,,,,,
,,,,,,
,,,,,,
,,,,,,
,,,,,,
,,,,,,
,,,,,,
,,,,,,
,,,,,,
,,,,,,
,,,,,,
,,,,,,
,,,,,,
,,,,,,
,,,,,,
,,,,,,
,,,,,,
,,,,,,
,,,,,,
,,,,,,
,,,,,,
,,,,,,
,,,,,,
,,,,,,
,,,,,,
,,,,,,
,,,,,,
,,,,,,
,,,,,,
,,,,,,
,,,,,,
,,,,,,
,,,,,,
,,,,,,
,,,,,,
,,,,,,
,,,,,,
,,,,,,
,,,,,,
,,,,,,
,,,,,,
,,,,,,
,,,,,,
,,,,,,
,,,,,,
,,,,,,
,,,,,,
,,,,,,
,,,,,,
,,,,,,
,,,,,,
,,,,,,
,,,,,,
,,,,,,
,,,,,,
,,,,,,
,,,,,,
,,,,,,
,,,,,,
,,,,,,
,,,,,,
,,,,,,
,,,,,,
Pédale de reverb tc electronic ARENA,,"Argus 81,25 €",,,,
Pédale de reverb tc electronic ARENA,,"Argus 81,25 €",,,,
,,"Argus 81,25 €",,,,
Pédale de reverb tc electronic ARENA,,"Argus 81,25 €",,,,
Pédale de reverb tc electronic ARENA,,"Argus 81,25 €",,,,
Pédale de reverb tc electronic ARENA,,"Argus 81,25 €",,,,
,,"Argus 81,25 €",,,,
,,"Argus 81,25 €",,,,
,,"Argus 81,25 €",,,,
,,"Argus 81,25 €",,,,
,,"Argus 81,25 €",,,,
,,"Argus 81,25 €",,,,
,,"Argus 81,25 €",,,,
,,"Argus 81,25 €",,,,
,,"Argus 81,25 €",,,,
,,"Argus 81,25 €",,,,
,,"Argus 81,25 €",,,,
,,"Argus 81,25 €",,,,
,,"Argus 81,25 €",,,,
,,"Argus 81,25 €",,,,
,,"Argus 81,25 €",,,,
,,"Argus 81,25 €",,,,
,,"Argus 81,25 €",,,,
,,"Argus 81,25 €",,,,
,,"Argus 81,25 €",,,,
,,"Argus 81,25 €",,,,
,,"Argus 81,25 €",,,,
,,"Argus 81,25 €",,,,
,,"Argus 81,25 €",,,,
,,"Argus 81,25 €",,,,
,,"Argus 81,25 €",,,,
,,"Argus 81,25 €",,,,
,,"Argus 81,25 €",,,,
,,"Argus 81,25 €",,,,
,,"Argus 81,25 €",,,,
,,"Argus 81,25 €",,,,
,,"Argus 81,25 €",,,,
,,"Argus 81,25 €",,,,
,,"Argus 81,25 €",,,,
,,"Argus 81,25 €",,,,
,,"Argus 81,25 €",,,,
,,"Argus 81,25 €",,,,
,,"Argus 81,25 €",,,,
,,"Argus 81,25 €",,,,
,,"Argus 81,25 €",,,,
,,"Argus 81,25 €",,,,
,,"Argus 81,25 €",,,,
,,"Argus 81,25 €",,,,
,,"Argus 81,25 €",,,,
,,"Argus 81,25 €",,,,
,,"Argus 81,25 €",,,,
,,"Argus 81,25 €",,,,
,,"Argus 81,25 €",,,,
,,"Argus 81,25 €",,,,
,,"Argus 81,25 €",,,,
,,"Argus 81,25 €",,,,
,,"Argus 81,25 €",,,,
,,"Argus 81,25 €",,,,
,,"Argus 81,25 €",,,,
,,"Argus 81,25 €",,,,
,,"Argus 81,25 €",,,,
,,"Argus 81,25 €",,,,
,,"Argus 81,25 €",,,,
,,"Argus 81,25 €",,,,
,,"Argus 81,25 €",,,,
,,"Argus 81,25 €",,,,
,,"Argus 81,25 €",,,,
,,"Argus 81,25 €",,,,
,,"Argus 81,25 €",,,,
,,"Argus 81,25 €",,,,
,,"Argus 81,25 €",,,,
,,"Argus 81,25 €",,,,
,,"Argus 81,25 €",,,,
,,"Argus 81,25 €",,,,
,,"Argus 81,25 €",,,,
,,"Argus 81,25 €",,,,
,,"Argus 81,25 €",,,,
,,"Argus 81,25 €",,,,
,,"Argus 81,25 €",,,,
,,"Argus 81,25 €",,,,
,,"Argus 81,25 €",,,,
,,"Argus 81,25 €",,,,
,,"Argus 81,25 €",,,,
,,"Argus 81,25 €",,,,
,,"Argus 81,25 €",,,,
,,"Argus 81,25 €",,,,
,,"Argus 81,25 €",,,,
,,"Argus 81,25 €",,,,
Vends Bias Head,,,,,,
Vends Bias Head,,,,,,
,,,,,,
Vends Bias Head,,,,,,
Vends Bias Head,,,,,,
Vends Bias Head,,,,,,
,,,,,,
,,,,,,
,,,,,,
,,,,,,
,,,,,,
,,,,,,
,,,,,,
,,,,,,
,,,,,,
,,,,,,
,,,,,,
,,,,,,
,,,,,,
,,,,,,
,,,,,,
,,,,,,
,,,,,,
,,,,,,
,,,,,,
,,,,,,
,,,,,,
,,,,,,
,,,,,,
,,,,,,
,,,,,,
,,,,,,
,,,,,,
,,,,,,
,,,,,,
,,,,,,
,,,,,,
,,,,,,
,,,,,,
,,,,,,
,,,,,,
,,,,,,
,,,,,,
,,,,,,
,,,,,,
,,,,,,
,,,,,,
,,,,,,
,,,,,,
,,,,,,
,,,,,,
,,,,,,
,,,,,,
,,,,,,
,,,,,,
,,,,,,
,,,,,,
,,,,,,
,,,,,,
,,,,,,
,,,,,,
,,,,,,
,,,,,,
,,,,,,
,,,,,,
,,,,,,
,,,,,,
,,,,,,
,,,,,,
,,,,,,
,,,,,,
,,,,,,
,,,,,,
,,,,,,
,,,,,,
,,,,,,
,,,,,,
,,,,,,
,,,,,,
,,,,,,
,,,,,,
Vends Catalibread Formula No. 55,,,,,,
Vends Catalibread Formula No. 55,,,,,,
,,,,,,
Vends Catalibread Formula No. 55,,,,,,
Vends Catalibread Formula No. 55,,,,,,
Vends Catalibread Formula No. 55,,,,,,
,,,,,,
,,,,,,
,,,,,,
,,,,,,
,,,,,,
,,,,,,
,,,,,,
,,,,,,
,,,,,,
,,,,,,
,,,,,,
,,,,,,
,,,,,,
,,,,,,
,,,,,,
,,,,,,
,,,,,,
,,,,,,
,,,,,,
,,,,,,
,,,,,,
,,,,,,
,,,,,,
,,,,,,
,,,,,,
,,,,,,
,,,,,,
,,,,,,
,,,,,,
,,,,,,
,,,,,,
,,,,,,
,,,,,,
,,,,,,
,,,,,,
,,,,,,
,,,,,,
,,,,,,
,,,,,,
,,,,,,
,,,,,,
,,,,,,
,,,,,,
,,,,,,
,,,,,,
,,,,,,
,,,,,,
,,,,,,
,,,,,,
,,,,,,
,,,,,,
,,,,,,
,,,,,,
,,,,,,
,,,,,,
,,,,,,
,,,,,,
,,,,,,
,,,,,,
,,,,,,
,,,,,,
,,,,,,
,,,,,,
,,,,,,
,,,,,,
,,,,,,
,,,,,,
,,,,,,
,,,,,,
,,,,,,
,,,,,,
,,,,,,
,,,,,,
,,,,,,
,,,,,,
,,,,,,
,,,,,,
,,,,,,
,,,,,,
,,,,,,
,,,,,,
,,,,,,
MiniBrute 2S Black Edition,,,,,,
MiniBrute 2S Black Edition,,,,,,
,,,,,,
MiniBrute 2S Black Edition,,,,,,
MiniBrute 2S Black Edition,,,,,,
MiniBrute 2S Black Edition,,,,,,
,,,,,,
,,,,,,
,,,,,,
,,,,,,
,,,,,,
,,,,,,
,,,,,,
,,,,,,
,,,,,,
,,,,,,
,,,,,,
,,,,,,
,,,,,,
,,,,,,
,,,,,,
,,,,,,
,,,,,,
,,,,,,
,,,,,,
,,,,,,
,,,,,,
,,,,,,
,,,,,,
,,,,,,
,,,,,,
,,,,,,
,,,,,,
,,,,,,
,,,,,,
,,,,,,
,,,,,,
,,,,,,
,,,,,,
,,,,,,
,,,,,,
,,,,,,
,,,,,,
,,,,,,
,,,,,,
,,,,,,
,,,,,,
,,,,,,
,,,,,,
,,,,,,
,,,,,,
,,,,,,
,,,,,,
,,,,,,
,,,,,,
,,,,,,
,,,,,,
,,,,,,
,,,,,,
,,,,,,
,,,,,,
,,,,,,
,,,,,,
,,,,,,
,,,,,,
,,,,,,
,,,,,,
,,,,,,
,,,,,,
,,,,,,
,,,,,,
,,,,,,
,,,,,,
,,,,,,
,,,,,,
,,,,,,
,,,,,,
,,,,,,
,,,,,,
,,,,,,
,,,,,,
,,,,,,
,,,,,,
,,,,,,
,,,,,,
Two notes torpedo CAB M+,,"Argus 190,41 €",,,,
Two notes torpedo CAB M+,,"Argus 190,41 €",,,,
,,"Argus 190,41 €",,,,
Two notes torpedo CAB M+,,"Argus 190,41 €",,,,
Two notes torpedo CAB M+,,"Argus 190,41 €",,,,
Two notes torpedo CAB M+,,"Argus 190,41 €",,,,
,,"Argus 190,41 €",,,,
,,"Argus 190,41 €",,,,
,,"Argus 190,41 €",,,,
,,"Argus 190,41 €",,,,
,,"Argus 190,41 €",,,,
,,"Argus 190,41 €",,,,
,,"Argus 190,41 €",,,,
,,"Argus 190,41 €",,,,
,,"Argus 190,41 €",,,,
,,"Argus 190,41 €",,,,
,,"Argus 190,41 €",,,,
,,"Argus 190,41 €",,,,
,,"Argus 190,41 €",,,,
,,"Argus 190,41 €",,,,
,,"Argus 190,41 €",,,,
,,"Argus 190,41 €",,,,
,,"Argus 190,41 €",,,,
,,"Argus 190,41 €",,,,
,,"Argus 190,41 €",,,,
,,"Argus 190,41 €",,,,
,,"Argus 190,41 €",,,,
,,"Argus 190,41 €",,,,
,,"Argus 190,41 €",,,,
,,"Argus 190,41 €",,,,
,,"Argus 190,41 €",,,,
,,"Argus 190,41 €",,,,
,,"Argus 190,41 €",,,,
,,"Argus 190,41 €",,,,
,,"Argus 190,41 €",,,,
,,"Argus 190,41 €",,,,
,,"Argus 190,41 €",,,,
,,"Argus 190,41 €",,,,
,,"Argus 190,41 €",,,,
,,"Argus 190,41 €",,,,
,,"Argus 190,41 €",,,,
,,"Argus 190,41 €",,,,
,,"Argus 190,41 €",,,,
,,"Argus 190,41 €",,,,
,,"Argus 190,41 €",,,,
,,"Argus 190,41 €",,,,
,,"Argus 190,41 €",,,,
,,"Argus 190,41 €",,,,
,,"Argus 190,41 €",,,,
,,"Argus 190,41 €",,,,
,,"Argus 190,41 €",,,,
,,"Argus 190,41 €",,,,
,,"Argus 190,41 €",,,,
,,"Argus 190,41 €",,,,
,,"Argus 190,41 €",,,,
,,"Argus 190,41 €",,,,
,,"Argus 190,41 €",,,,
,,"Argus 190,41 €",,,,
,,"Argus 190,41 €",,,,
,,"Argus 190,41 €",,,,
,,"Argus 190,41 €",,,,
,,"Argus 190,41 €",,,,
,,"Argus 190,41 €",,,,
,,"Argus 190,41 €",,,,
,,"Argus 190,41 €",,,,
,,"Argus 190,41 €",,,,
,,"Argus 190,41 €",,,,
,,"Argus 190,41 €",,,,
,,"Argus 190,41 €",,,,
,,"Argus 190,41 €",,,,
,,"Argus 190,41 €",,,,
,,"Argus 190,41 €",,,,
,,"Argus 190,41 €",,,,
,,"Argus 190,41 €",,,,
,,"Argus 190,41 €",,,,
,,"Argus 190,41 €",,,,
,,"Argus 190,41 €",,,,
,,"Argus 190,41 €",,,,
,,"Argus 190,41 €",,,,
,,"Argus 190,41 €",,,,
,,"Argus 190,41 €",,,,
,,"Argus 190,41 €",,,,
,,"Argus 190,41 €",,,,
,,"Argus 190,41 €",,,,
,,"Argus 190,41 €",,,,
,,"Argus 190,41 €",,,,
,,"Argus 190,41 €",,,,
,,"Argus 190,41 €",,,,
,,"Argus 190,41 €",,,,
,,"Argus 190,41 €",,,,
PUSH 1 ableton,,"Argus 145,67 €",,,,
PUSH 1 ableton,,"Argus 145,67 €",,,,
,,"Argus 145,67 €",,,,
PUSH 1 ableton,,"Argus 145,67 €",,,,
PUSH 1 ableton,,"Argus 145,67 €",,,,
PUSH 1 ableton,,"Argus 145,67 €",,,,
,,"Argus 145,67 €",,,,
,,"Argus 145,67 €",,,,
,,"Argus 145,67 €",,,,
,,"Argus 145,67 €",,,,
,,"Argus 145,67 €",,,,
,,"Argus 145,67 €",,,,
,,"Argus 145,67 €",,,,
,,"Argus 145,67 €",,,,
,,"Argus 145,67 €",,,,
,,"Argus 145,67 €",,,,
,,"Argus 145,67 €",,,,
,,"Argus 145,67 €",,,,
,,"Argus 145,67 €",,,,
,,"Argus 145,67 €",,,,
,,"Argus 145,67 €",,,,
,,"Argus 145,67 €",,,,
,,"Argus 145,67 €",,,,
,,"Argus 145,67 €",,,,
,,"Argus 145,67 €",,,,
,,"Argus 145,67 €",,,,
,,"Argus 145,67 €",,,,
,,"Argus 145,67 €",,,,
,,"Argus 145,67 €",,,,
,,"Argus 145,67 €",,,,
,,"Argus 145,67 €",,,,
,,"Argus 145,67 €",,,,
,,"Argus 145,67 €",,,,
,,"Argus 145,67 €",,,,
,,"Argus 145,67 €",,,,
,,"Argus 145,67 €",,,,
,,"Argus 145,67 €",,,,
,,"Argus 145,67 €",,,,
,,"Argus 145,67 €",,,,
,,"Argus 145,67 €",,,,
,,"Argus 145,67 €",,,,
,,"Argus 145,67 €",,,,
,,"Argus 145,67 €",,,,
,,"Argus 145,67 €",,,,
,,"Argus 145,67 €",,,,
,,"Argus 145,67 €",,,,
,,"Argus 145,67 €",,,,
,,"Argus 145,67 €",,,,
,,"Argus 145,67 €",,,,
,,"Argus 145,67 €",,,,
,,"Argus 145,67 €",,,,
,,"Argus 145,67 €",,,,
,,"Argus 145,67 €",,,,
,,"Argus 145,67 €",,,,
,,"Argus 145,67 €",,,,
,,"Argus 145,67 €",,,,
,,"Argus 145,67 €",,,,
,,"Argus 145,67 €",,,,
,,"Argus 145,67 €",,,,
,,"Argus 145,67 €",,,,
,,"Argus 145,67 €",,,,
,,"Argus 145,67 €",,,,
,,"Argus 145,67 €",,,,
,,"Argus 145,67 €",,,,
,,"Argus 145,67 €",,,,
,,"Argus 145,67 €",,,,
,,"Argus 145,67 €",,,,
,,"Argus 145,67 €",,,,
,,"Argus 145,67 €",,,,
,,"Argus 145,67 €",,,,
,,"Argus 145,67 €",,,,
,,"Argus 145,67 €",,,,
,,"Argus 145,67 €",,,,
,,"Argus 145,67 €",,,,
,,"Argus 145,67 €",,,,
,,"Argus 145,67 €",,,,
,,"Argus 145,67 €",,,,
,,"Argus 145,67 €",,,,
,,"Argus 145,67 €",,,,
,,"Argus 145,67 €",,,,
,,"Argus 145,67 €",,,,
,,"Argus 145,67 €",,,,
,,"Argus 145,67 €",,,,
,,"Argus 145,67 €",,,,
,,"Argus 145,67 €",,,,
,,"Argus 145,67 €",,,,
,,"Argus 145,67 €",,,,
,,"Argus 145,67 €",,,,
,,"Argus 145,67 €",,,,
,,"Argus 145,67 €",,,,
Bonnette Rode WS8,,,,,,
Bonnette Rode WS8,,,,,,
,,,,,,
Bonnette Rode WS8,,,,,,
Bonnette Rode WS8,,,,,,
Bonnette Rode WS8,,,,,,
,,,,,,
,,,,,,
,,,,,,
,,,,,,
,,,,,,
,,,,,,
,,,,,,
,,,,,,
,,,,,,
,,,,,,
,,,,,,
,,,,,,
,,,,,,
,,,,,,
,,,,,,
,,,,,,
,,,,,,
,,,,,,
,,,,,,
,,,,,,
,,,,,,
,,,,,,
,,,,,,
,,,,,,
,,,,,,
,,,,,,
,,,,,,
,,,,,,
,,,,,,
,,,,,,
,,,,,,
,,,,,,
,,,,,,
,,,,,,
,,,,,,
,,,,,,
,,,,,,
,,,,,,
,,,,,,
,,,,,,
,,,,,,
,,,,,,
,,,,,,
,,,,,,
,,,,,,
,,,,,,
,,,,,,
,,,,,,
,,,,,,
,,,,,,
,,,,,,
,,,,,,
,,,,,,
,,,,,,
,,,,,,
,,,,,,
,,,,,,
,,,,,,
,,,,,,
,,,,,,
,,,,,,
,,,,,,
,,,,,,
,,,,,,
,,,,,,
,,,,,,
,,,,,,
,,,,,,
,,,,,,
,,,,,,
,,,,,,
,,,,,,
,,,,,,
,,,,,,
,,,,,,
,,,,,,
,,,,,,
,,,,,,
,,,,,,
,,,,,,
,,,,,,
,,,,,,
,,,,,,
,,,,,,
,,,,,,
,,,,,,
,,,,,,
,,,,,,
Vends Arturia KeyStep 32,,,,,,
Vends Arturia KeyStep 32,,,,,,
,,,,,,
Vends Arturia KeyStep 32,,,,,,
Vends Arturia KeyStep 32,,,,,,
Vends Arturia KeyStep 32,,,,,,
,,,,,,
,,,,,,
,,,,,,
,,,,,,
,,,,,,
,,,,,,
,,,,,,
,,,,,,
,,,,,,
,,,,,,
,,,,,,
,,,,,,
,,,,,,
,,,,,,
,,,,,,
,,,,,,
,,,,,,
,,,,,,
,,,,,,
,,,,,,
,,,,,,
,,,,,,
,,,,,,
,,,,,,
,,,,,,
,,,,,,
,,,,,,
,,,,,,
,,,,,,
,,,,,,
,,,,,,
,,,,,,
,,,,,,
,,,,,,
,,,,,,
,,,,,,
,,,,,,
,,,,,,
,,,,,,
,,,,,,
,,,,,,
,,,,,,
,,,,,,
,,,,,,
,,,,,,
,,,,,,
,,,,,,
,,,,,,
,,,,,,
,,,,,,
,,,,,,
,,,,,,
,,,,,,
,,,,,,
,,,,,,
,,,,,,
,,,,,,
,,,,,,
,,,,,,
,,,,,,
,,,,,,
,,,,,,
,,,,,,
,,,,,,
,,,,,,
,,,,,,
,,,,,,
,,,,,,
,,,,,,
,,,,,,
,,,,,,
,,,,,,
,,,,,,
,,,,,,
,,,,,,
,,,,,,
,,,,,,
,,,,,,
,,,,,,
,,,,,,
,,,,,,
,,,,,,
,,,,,,
,,,,,,
,,,,,,
,,,,,,
,,,,,,
,,,,,,
Régie Pioneer cdj 2000 nexus x2 et djm 900,,"Argus 1 712,00 €",,,,
Régie Pioneer cdj 2000 nexus x2 et djm 900,,"Argus 1 712,00 €",,,,
,,"Argus 1 712,00 €",,,,
Régie Pioneer cdj 2000 nexus x2 et djm 900,,"Argus 1 712,00 €",,,,
Régie Pioneer cdj 2000 nexus x2 et djm 900,,"Argus 1 712,00 €",,,,
Régie Pioneer cdj 2000 nexus x2 et djm 900,,"Argus 1 712,00 €",,,,
,,"Argus 1 712,00 €",,,,
,,"Argus 1 712,00 €",,,,
,,"Argus 1 712,00 €",,,,
,,"Argus 1 712,00 €",,,,
,,"Argus 1 712,00 €",,,,
,,"Argus 1 712,00 €",,,,
,,"Argus 1 712,00 €",,,,
,,"Argus 1 712,00 €",,,,
,,"Argus 1 712,00 €",,,,
,,"Argus 1 712,00 €",,,,
,,"Argus 1 712,00 €",,,,
,,"Argus 1 712,00 €",,,,
,,"Argus 1 712,00 €",,,,
,,"Argus 1 712,00 €",,,,
,,"Argus 1 712,00 €",,,,
,,"Argus 1 712,00 €",,,,
,,"Argus 1 712,00 €",,,,
,,"Argus 1 712,00 €",,,,
,,"Argus 1 712,00 €",,,,
,,"Argus 1 712,00 €",,,,
,,"Argus 1 712,00 €",,,,
,,"Argus 1 712,00 €",,,,
,,"Argus 1 712,00 €",,,,
,,"Argus 1 712,00 €",,,,
,,"Argus 1 712,00 €",,,,
,,"Argus 1 712,00 €",,,,
,,"Argus 1 712,00 €",,,,
,,"Argus 1 712,00 €",,,,
,,"Argus 1 712,00 €",,,,
,,"Argus 1 712,00 €",,,,
,,"Argus 1 712,00 €",,,,
,,"Argus 1 712,00 €",,,,
,,"Argus 1 712,00 €",,,,
,,"Argus 1 712,00 €",,,,
,,"Argus 1 712,00 €",,,,
,,"Argus 1 712,00 €",,,,
,,"Argus 1 712,00 €",,,,
,,"Argus 1 712,00 €",,,,
,,"Argus 1 712,00 €",,,,
,,"Argus 1 712,00 €",,,,
,,"Argus 1 712,00 €",,,,
,,"Argus 1 712,00 €",,,,
,,"Argus 1 712,00 €",,,,
,,"Argus 1 712,00 €",,,,
,,"Argus 1 712,00 €",,,,
,,"Argus 1 712,00 €",,,,
,,"Argus 1 712,00 €",,,,
,,"Argus 1 712,00 €",,,,
,,"Argus 1 712,00 €",,,,
,,"Argus 1 712,00 €",,,,
,,"Argus 1 712,00 €",,,,
,,"Argus 1 712,00 €",,,,
,,"Argus 1 712,00 €",,,,
,,"Argus 1 712,00 €",,,,
,,"Argus 1 712,00 €",,,,
,,"Argus 1 712,00 €",,,,
,,"Argus 1 712,00 €",,,,
,,"Argus 1 712,00 €",,,,
,,"Argus 1 712,00 €",,,,
,,"Argus 1 712,00 €",,,,
,,"Argus 1 712,00 €",,,,
,,"Argus 1 712,00 €",,,,
,,"Argus 1 712,00 €",,,,
,,"Argus 1 712,00 €",,,,
,,"Argus 1 712,00 €",,,,
,,"Argus 1 712,00 €",,,,
,,"Argus 1 712,00 €",,,,
,,"Argus 1 712,00 €",,,,
,,"Argus 1 712,00 €",,,,
,,"Argus 1 712,00 €",,,,
,,"Argus 1 712,00 €",,,,
,,"Argus 1 712,00 €",,,,
,,"Argus 1 712,00 €",,,,
,,"Argus 1 712,00 €",,,,
,,"Argus 1 712,00 €",,,,
,,"Argus 1 712,00 €",,,,
,,"Argus 1 712,00 €",,,,
,,"Argus 1 712,00 €",,,,
,,"Argus 1 712,00 €",,,,
,,"Argus 1 712,00 €",,,,
,,"Argus 1 712,00 €",,,,
,,"Argus 1 712,00 €",,,,
,,"Argus 1 712,00 €",,,,
Casque zoom zhp-1,,,,,,
Casque zoom zhp-1,,,,,,
,,,,,,
Casque zoom zhp-1,,,,,,
Casque zoom zhp-1,,,,,,
Casque zoom zhp-1,,,,,,
,,,,,,
,,,,,,
,,,,,,
,,,,,,
,,,,,,
,,,,,,
,,,,,,
,,,,,,
,,,,,,
,,,,,,
,,,,,,
,,,,,,
,,,,,,
,,,,,,
,,,,,,
,,,,,,
,,,,,,
,,,,,,
,,,,,,
,,,,,,
,,,,,,
,,,,,,
,,,,,,
,,,,,,
,,,,,,
,,,,,,
,,,,,,
,,,,,,
,,,,,,
,,,,,,
,,,,,,
,,,,,,
,,,,,,
,,,,,,
,,,,,,
,,,,,,
,,,,,,
,,,,,,
,,,,,,
,,,,,,
,,,,,,
,,,,,,
,,,,,,
,,,,,,
,,,,,,
,,,,,,
,,,,,,
,,,,,,
,,,,,,
,,,,,,
,,,,,,
,,,,,,
,,,,,,
,,,,,,
,,,,,,
,,,,,,
,,,,,,
,,,,,,
,,,,,,
,,,,,,
,,,,,,
,,,,,,
,,,,,,
,,,,,,
,,,,,,
,,,,,,
,,,,,,
,,,,,,
,,,,,,
,,,,,,
,,,,,,
,,,,,,
,,,,,,
,,,,,,
,,,,,,
,,,,,,
,,,,,,
,,,,,,
,,,,,,
,,,,,,
,,,,,,
,,,,,,
,,,,,,
,,,,,,
,,,,,,
,,,,,,
,,,,,,
,,,,,,
,,,,,,
,,,,,,
Vends Samson C02,,,,,,
Vends Samson C02,,,,,,
,,,,,,
Vends Samson C02,,,,,,
Vends Samson C02,,,,,,
Vends Samson C02,,,,,,
,,,,,,
,,,,,,
,,,,,,
,,,,,,
,,,,,,
,,,,,,
,,,,,,
,,,,,,
,,,,,,
,,,,,,
,,,,,,
,,,,,,
,,,,,,
,,,,,,
,,,,,,
,,,,,,
,,,,,,
,,,,,,
,,,,,,
,,,,,,
,,,,,,
,,,,,,
,,,,,,
,,,,,,
,,,,,,
,,,,,,
,,,,,,
,,,,,,
,,,,,,
,,,,,,
,,,,,,
,,,,,,
,,,,,,
,,,,,,
,,,,,,
,,,,,,
,,,,,,
,,,,,,
,,,,,,
,,,,,,
,,,,,,
,,,,,,
,,,,,,
,,,,,,
,,,,,,
,,,,,,
,,,,,,
,,,,,,
,,,,,,
,,,,,,
,,,,,,
,,,,,,
,,,,,,
,,,,,,
,,,,,,
,,,,,,
,,,,,,
,,,,,,
,,,,,,
,,,,,,
,,,,,,
,,,,,,
,,,,,,
,,,,,,
,,,,,,
,,,,,,
,,,,,,
,,,,,,
,,,,,,
,,,,,,
,,,,,,
,,,,,,
,,,,,,
,,,,,,
,,,,,,
,,,,,,
,,,,,,
,,,,,,
,,,,,,
,,,,,,
,,,,,,
,,,,,,
,,,,,,
,,,,,,
,,,,,,
,,,,,,
,,,,,,
,,,,,,
,,,,,,
Vend paire de Samson C02,,,,,,
Vend paire de Samson C02,,,,,,
,,,,,,
Vend paire de Samson C02,,,,,,
Vend paire de Samson C02,,,,,,
Vend paire de Samson C02,,,,,,
,,,,,,
,,,,,,
,,,,,,
,,,,,,
,,,,,,
,,,,,,
,,,,,,
,,,,,,
,,,,,,
,,,,,,
,,,,,,
,,,,,,
,,,,,,
,,,,,,
,,,,,,
,,,,,,
,,,,,,
,,,,,,
,,,,,,
,,,,,,
,,,,,,
,,,,,,
,,,,,,
,,,,,,
,,,,,,
,,,,,,
,,,,,,
,,,,,,
,,,,,,
,,,,,,
,,,,,,
,,,,,,
,,,,,,
,,,,,,
,,,,,,
,,,,,,
,,,,,,
,,,,,,
,,,,,,
,,,,,,
,,,,,,
,,,,,,
,,,,,,
,,,,,,
,,,,,,
,,,,,,
,,,,,,
,,,,,,
,,,,,,
,,,,,,
,,,,,,
,,,,,,
,,,,,,
,,,,,,
,,,,,,
,,,,,,
,,,,,,
,,,,,,
,,,,,,
,,,,,,
,,,,,,
,,,,,,
,,,,,,
,,,,,,
,,,,,,
,,,,,,
,,,,,,
,,,,,,
,,,,,,
,,,,,,
,,,,,,
,,,,,,
,,,,,,
,,,,,,
,,,,,,
,,,,,,
,,,,,,
,,,,,,
,,,,,,
,,,,,,
,,,,,,
,,,,,,
,,,,,,
,,,,,,
,,,,,,
,,,,,,
,,,,,,
,,,,,,
,,,,,,
Vends Pioneer Toraiz AS-1,,,,,,
Vends Pioneer Toraiz AS-1,,,,,,
,,,,,,
Vends Pioneer Toraiz AS-1,,,,,,
Vends Pioneer Toraiz AS-1,,,,,,
Vends Pioneer Toraiz AS-1,,,,,,
,,,,,,
,,,,,,
,,,,,,
,,,,,,
,,,,,,
,,,,,,
,,,,,,
,,,,,,
,,,,,,
,,,,,,
,,,,,,
,,,,,,
,,,,,,
,,,,,,
,,,,,,
,,,,,,
,,,,,,
,,,,,,
,,,,,,
,,,,,,
,,,,,,
,,,,,,
,,,,,,
,,,,,,
,,,,,,
,,,,,,
,,,,,,
,,,,,,
,,,,,,
,,,,,,
,,,,,,
,,,,,,
,,,,,,
,,,,,,
,,,,,,
,,,,,,
,,,,,,
,,,,,,
,,,,,,
,,,,,,
,,,,,,
,,,,,,
,,,,,,
,,,,,,
,,,,,,
,,,,,,
,,,,,,
,,,,,,
,,,,,,
,,,,,,
,,,,,,
,,,,,,
,,,,,,
,,,,,,
,,,,,,
,,,,,,
,,,,,,
,,,,,,
,,,,,,
,,,,,,
,,,,,,
,,,,,,
,,,,,,
,,,,,,
,,,,,,
,,,,,,
,,,,,,
,,,,,,
,,,,,,
,,,,,,
,,,,,,
,,,,,,
,,,,,,
,,,,,,
,,,,,,
,,,,,,
,,,,,,
,,,,,,
,,,,,,
,,,,,,
,,,,,,
,,,,,,
,,,,,,
,,,,,,
,,,,,,
Fender Blues Deluxe Reissue,,,,,,
Fender Blues Deluxe Reissue,,,,,,
,,,,,,
Fender Blues Deluxe Reissue,,,,,,
Fender Blues Deluxe Reissue,,,,,,
Fender Blues Deluxe Reissue,,,,,,
,,,,,,
,,,,,,
,,,,,,
,,,,,,
,,,,,,
,,,,,,
,,,,,,
,,,,,,
,,,,,,
,,,,,,
,,,,,,
,,,,,,
,,,,,,
,,,,,,
,,,,,,
,,,,,,
,,,,,,
,,,,,,
,,,,,,
,,,,,,
,,,,,,
,,,,,,
,,,,,,
,,,,,,
,,,,,,
,,,,,,
,,,,,,
,,,,,,
,,,,,,
,,,,,,
,,,,,,
,,,,,,
,,,,,,
,,,,,,
,,,,,,
,,,,,,
,,,,,,
,,,,,,
,,,,,,
,,,,,,
,,,,,,
,,,,,,
,,,,,,
,,,,,,
,,,,,,
,,,,,,
,,,,,,
,,,,,,
,,,,,,
,,,,,,
,,,,,,
,,,,,,
,,,,,,
,,,,,,
,,,,,,
,,,,,,
,,,,,,
,,,,,,
,,,,,,
,,,,,,
,,,,,,
,,,,,,
,,,,,,
,,,,,,
,,,,,,
,,,,,,
,,,,,,
,,,,,,
,,,,,,
,,,,,,
,,,,,,
,,,,,,
,,,,,,
,,,,,,
,,,,,,
,,,,,,
,,,,,,
,,,,,,
,,,,,,
,,,,,,
,,,,,,
,,,,,,
,,,,,,
,,,,,,
,,,,,,
,,,,,,
,,,,,,
